,PLAYERID,player,DFGM,DFGA,Defending FG%,oFG%,difference
68642,204054,"Dragic, Zoran",0.0,2.0,0.0,0.42336510023003615,0.42336510023003615
32041,203564,"Lucas, Kalin",0.0,1.0,0.0,0.4141069397042093,0.4141069397042093
100170,203495,"Ledo, Ricky",0.0,1.0,0.0,0.3385416666666667,0.3385416666666667
4717,203108,"James, Bernard",7.0,32.0,0.21875,0.4663252810247349,0.24757528102473492
5487,203254,"Green, JaMychal",3.0,13.0,0.23076923076923078,0.4538180957138859,0.22304886494465515
12797,202327,"Udoh, Ekpe",3.0,13.0,0.23076923076923078,0.4273109069023984,0.19654167613316764
210,101126,"Robinson, Nate",27.0,99.0,0.2727272727272727,0.42668583539310667,0.15395856266583396
9079,203539,"Mekel, Gal",3.0,10.0,0.3,0.45198212929667353,0.15198212929667354
11874,203540,"Datome, Gigi",1.0,4.0,0.25,0.39077556706202743,0.14077556706202743
49345,201880,"Stiemsma, Greg",4.0,12.0,0.3333333333333333,0.47232279957566226,0.13898946624232894
1343,201202,"Anthony, Joel",23.0,68.0,0.3382352941176471,0.46859869541469223,0.13036340129704516
32268,2030,"Martin, Kenyon",8.0,25.0,0.32,0.44158439184802634,0.12158439184802633
7308,1889,"Miller, Andre",54.0,173.0,0.31213872832369943,0.42999023033229306,0.11785150200859362
7292,2457,"Pargo, Jannero",4.0,12.0,0.3333333333333333,0.44880665344458925,0.11547332011125594
31088,203098,"Jenkins, John",5.0,16.0,0.3125,0.4264915531798962,0.11399155317989618
4639,201979,"Calathes, Nick",33.0,100.0,0.33,0.4403848460500869,0.11038484605008686
20891,203943,"Vonleh, Noah",9.0,28.0,0.32142857142857145,0.4194250049482031,0.09799643351963166
13448,203296,"Miller, Quincy",7.0,18.0,0.3888888888888889,0.48530849835977796,0.09641960947088907
8861,203489,"Wolters, Nate",18.0,54.0,0.3333333333333333,0.42774742052856124,0.09441408719522792
14964,203099,"Cunningham, Jared",4.0,11.0,0.36363636363636365,0.4575918054603473,0.09395544182398363
108,204038,"Galloway, Langston",63.0,185.0,0.34054054054054056,0.4325144649285595,0.09197392438801893
978,101106,"Bogut, Andrew",168.0,433.0,0.38799076212471134,0.4790916776978072,0.09110091557309585
10550,202407,"Millsap, Elijah",47.0,136.0,0.34558823529411764,0.43595239362649973,0.0903641583323821
437,202087,"Gee, Alonzo",39.0,113.0,0.34513274336283184,0.4354218405522083,0.09028909718937644
7129,203898,"Ennis, Tyler",15.0,45.0,0.3333333333333333,0.42254625252193084,0.08921291918859753
4669,203530,"Lauvergne, Joffrey",10.0,26.0,0.38461538461538464,0.47202923235313693,0.08741384773775229
99,201988,"Mills, Patty",43.0,127.0,0.33858267716535434,0.4258853889112446,0.08730271174589027
2020,203468,"McCollum, CJ",50.0,147.0,0.3401360544217687,0.42741756203634884,0.08728150761458014
5475,203093,"Jones, Terrence",76.0,202.0,0.37623762376237624,0.4579152158469919,0.08167759208461567
30920,203946,"Bairstow, Cameron",5.0,12.0,0.4166666666666667,0.49762388916891914,0.08095722250225246
19148,203268,"Gutierrez, Jorge",10.0,30.0,0.3333333333333333,0.4142300599254105,0.0808967265920772
440,203497,"Gobert, Rudy",192.0,489.0,0.39263803680981596,0.47343082977406803,0.08079279296425207
908,2754,"Allen, Tony",113.0,318.0,0.3553459119496855,0.4360086452430137,0.08066273329332818
14681,203910,"Johnson, Nick",19.0,51.0,0.37254901960784315,0.4515942803321008,0.07904526072425766
1643,203115,"Barton, Will",35.0,100.0,0.35,0.4279315805522154,0.07793158055221544
2632,203200,"Holiday, Justin",34.0,98.0,0.3469387755102041,0.4234653054671466,0.07652652995694254
376,203094,"Nicholson, Andrew",25.0,67.0,0.373134328358209,0.44946966780875736,0.07633533945054838
58494,1737,"Mohammed, Nazr",9.0,23.0,0.391304347826087,0.46638408804244347,0.0750797402163565
935,2223,"Dalembert, Samuel",94.0,231.0,0.4069264069264069,0.4775499825168269,0.07062357559041998
55,204025,"Frazier, Tim",13.0,36.0,0.3611111111111111,0.4315824979168825,0.07047138680577142
1331,203460,"Roberson, Andre",120.0,320.0,0.375,0.4449530495489154,0.0699530495489154
1198,203120,"Hamilton, Justin",43.0,106.0,0.4056603773584906,0.4742907416993422,0.06863036434085162
734,2217,"Haywood, Brendan",14.0,35.0,0.4,0.4683288241208739,0.06832882412087388
135,201579,"Hibbert, Roy",212.0,517.0,0.41005802707930367,0.47809901357975354,0.06804098650044987
9349,202379,"Evans, Jeremy",13.0,33.0,0.3939393939393939,0.45959434265060195,0.06565494871120803
374,203473,"Dedmon, Dewayne",67.0,162.0,0.41358024691358025,0.47615661663010805,0.0625763697165278
20938,203939,"Powell, Dwight",23.0,59.0,0.3898305084745763,0.45206808689704353,0.062237578422467243
5101,202687,"Biyombo, Bismack",102.0,244.0,0.4180327868852459,0.4785700439437297,0.060537257058483784
4743,203481,"Withey, Jeff",29.0,70.0,0.4142857142857143,0.47477566707041347,0.06048995278469915
38,101249,"Lucas III, John",7.0,19.0,0.3684210526315789,0.42586501924608144,0.05744396661450252
272,203110,"Green, Draymond",301.0,751.0,0.4007989347536618,0.4579905118410274,0.05719157708736561
433,201586,"Ibaka, Serge",334.0,814.0,0.4103194103194103,0.4668290822240078,0.05650967190459749
4087,2748,"Wright, Dorell",43.0,111.0,0.38738738738738737,0.4435689765848592,0.05618158919747185
4931,201156,"Young, Nick",80.0,208.0,0.38461538461538464,0.4404468789500951,0.05583149433471046
1221,203076,"Davis, Anthony",247.0,609.0,0.40558292282430214,0.46004512631475003,0.05446220349044789
197,203087,"Lamb, Jeremy",65.0,171.0,0.38011695906432746,0.4334787884838862,0.05336182941955875
42,201588,"Hill, George",63.0,164.0,0.38414634146341464,0.43639782559791496,0.052251484134500314
25,201149,"Noah, Joakim",267.0,632.0,0.4224683544303797,0.47201914071713835,0.04955078628675863
510,203527,"Kelly, Ryan",81.0,205.0,0.3951219512195122,0.44460480603874253,0.049482854819230315
1895,202344,"Booker, Trevor",124.0,305.0,0.4065573770491803,0.45390579528495434,0.047348418235774015
186,203114,"Middleton, Khris",165.0,421.0,0.3919239904988123,0.439257698450607,0.0473337079517947
704,2588,"Bonner, Matt",108.0,264.0,0.4090909090909091,0.45622531227214014,0.04713440318123102
8991,202734,"Moore, E'Twaun",26.0,66.0,0.3939393939393939,0.44027130700138983,0.04633191306199591
13,2584,"Green, Willie",69.0,178.0,0.38764044943820225,0.4339010443813564,0.046260594943154154
390,2548,"Wade, Dwyane",93.0,236.0,0.3940677966101695,0.4402867394384639,0.04621894282829442
349,203118,"Scott, Mike",88.0,216.0,0.4074074074074074,0.452951164485737,0.04554375707832964
57,203924,"Grant, Jerami",100.0,253.0,0.3952569169960474,0.44006389269752477,0.04480697570147735
190,201564,"Mayo, O.J.",140.0,360.0,0.3888888888888889,0.43319879695321534,0.04430990806432644
32106,203187,"Johnson, Chris",25.0,63.0,0.3968253968253968,0.4401056587835683,0.04328026195817147
600,203956,"McGary, Mitch",26.0,64.0,0.40625,0.44914304286865075,0.042893042868650755
78,203490,"Porter, Otto",95.0,241.0,0.3941908713692946,0.43645403571497904,0.042263164345684445
1183,203544,"Antic, Pero",87.0,205.0,0.424390243902439,0.465624013910973,0.04123377000853401
818,202324,"Favors, Derrick",257.0,598.0,0.4297658862876254,0.47097145184118855,0.04120556555356314
4812,203086,"Leonard, Meyers",95.0,224.0,0.42410714285714285,0.4637952488547701,0.03968810599762723
4968,201142,"Durant, Kevin",88.0,216.0,0.4074074074074074,0.4461573027502056,0.03874989534279821
1171,200757,"Sefolosha, Thabo",92.0,234.0,0.39316239316239315,0.4316200770882856,0.03845768392589244
227,1890,"Marion, Shawn",103.0,258.0,0.3992248062015504,0.4376588145707061,0.038434008369155725
62,201601,"Mbah a Moute, Luc",207.0,493.0,0.4198782961460446,0.45827198499152305,0.038393688845478446
21,201959,"Gibson, Taj",194.0,453.0,0.4282560706401766,0.4664521430767369,0.03819607243656026
261,201939,"Curry, Stephen",209.0,527.0,0.396584440227704,0.43471809975561376,0.03813365952790976
147,202709,"Joseph, Cory",158.0,396.0,0.398989898989899,0.4366754421812201,0.037685543191321114
9094,2400,"Gooden, Drew",50.0,120.0,0.4166666666666667,0.4543089890196533,0.03764232235298659
5201,201171,"Landry, Carl",114.0,271.0,0.42066420664206644,0.4580051774894689,0.037340970847402455
138,101133,"Mahinmi, Ian",107.0,248.0,0.4314516129032258,0.4686320765590787,0.03718046365585287
181,2746,"Smith, Josh",278.0,651.0,0.4270353302611367,0.46414650601312024,0.03711117575198353
219,203487,"Carter-Williams, Michael",149.0,369.0,0.4037940379403794,0.44029481520358327,0.03650077726320389
385,201596,"Chalmers, Mario",159.0,396.0,0.4015151515151515,0.4375988853214589,0.036083733806307416
8679,202355,"Whiteside, Hassan",100.0,229.0,0.4366812227074236,0.47215147932337764,0.03547025661595404
899,201188,"Gasol, Marc",274.0,629.0,0.4356120826709062,0.4710446650927048,0.03543258242179864
2161,101145,"Ellis, Monta",226.0,563.0,0.40142095914742454,0.43660290010768577,0.035181940960261227
196,2570,"Perkins, Kendrick",160.0,366.0,0.4371584699453552,0.4714358532603326,0.03427738331497743
278,201587,"Batum, Nicolas",215.0,521.0,0.4126679462571977,0.44660647351732147,0.03393852726012375
569,2405,"Stoudemire, Amar'e",132.0,294.0,0.4489795918367347,0.48285162021740535,0.03387202838067066
1391,202708,"Cole, Norris",106.0,264.0,0.4015151515151515,0.43490376488835647,0.03338861337320498
787,203500,"Adams, Steven",215.0,484.0,0.44421487603305787,0.4775841358878496,0.03336925985479172
69,101162,"Gortat, Marcin",302.0,688.0,0.438953488372093,0.47177371415010655,0.03282022577801352
1,202711,"Bogdanovic, Bojan",130.0,320.0,0.40625,0.4389558148690713,0.032705814869071315
14259,101109,"Felton, Raymond",11.0,26.0,0.4230769230769231,0.45552192505783795,0.03244500198091488
62460,203121,"Miller, Darius",5.0,12.0,0.4166666666666667,0.44884750033604714,0.03218083366938046
417,203112,"Acy, Quincy",118.0,276.0,0.427536231884058,0.4592083476090355,0.03167211572497752
74976,203998,"Caboclo, Bruno",1.0,2.0,0.5,0.5314035067441834,0.03140350674418335
397,203133,"Hummel, Robbie",76.0,181.0,0.4198895027624309,0.45082409933008416,0.03093459656765324
4835,2440,"Barnes, Matt",236.0,570.0,0.41403508771929826,0.4444844709220672,0.030449383202768965
71,1718,"Pierce, Paul",179.0,435.0,0.4114942528735632,0.44176013181228885,0.03026587893872562
2591,203493,"Bullock, Reggie",26.0,65.0,0.4,0.43018878538018945,0.03018878538018943
260,201952,"Teague, Jeff",169.0,423.0,0.39952718676122934,0.42876574671961776,0.02923855995838842
287,202083,"Matthews, Wesley",202.0,490.0,0.4122448979591837,0.4414439198770999,0.029199021917916235
431,203089,"Henson, John",140.0,325.0,0.4307692307692308,0.45969113720301297,0.028921906433782174
243,202323,"Turner, Evan",205.0,498.0,0.41164658634538154,0.4404502858696489,0.028803699524267368
5095,203469,"Zeller, Cody",225.0,519.0,0.43352601156069365,0.46219109665082747,0.028665085090133824
702,203382,"Baynes, Aron",131.0,300.0,0.43666666666666665,0.4651973163390916,0.028530649672424968
296,101108,"Paul, Chris",210.0,507.0,0.41420118343195267,0.44251150818659335,0.02831032475464068
1854,2732,"Gordon, Ben",51.0,128.0,0.3984375,0.4265556186157408,0.028118118615740817
274,203459,"Crabbe, Allen",43.0,107.0,0.40186915887850466,0.42933728729701,0.027468128418505322
553,203503,"Snell, Tony",92.0,218.0,0.42201834862385323,0.4488972436736358,0.02687889504978258
783,203124,"O'Quinn, Kyle",112.0,247.0,0.4534412955465587,0.4799653098458029,0.02652401429924417
368,201573,"Bayless, Jerryd",143.0,353.0,0.40509915014164305,0.4314852755384959,0.026386125396852866
1839,201595,"Dorsey, Joey",94.0,211.0,0.44549763033175355,0.4718525104129719,0.026354880081218335
100,1495,"Duncan, Tim",286.0,637.0,0.4489795918367347,0.4744945381918499,0.025514946355115198
453,1882,"Brand, Elton",31.0,70.0,0.44285714285714284,0.4676997600551886,0.024842617198045758
905,201585,"Koufos, Kosta",147.0,327.0,0.44954128440366975,0.474128534539134,0.024587250135464256
405,201168,"Splitter, Tiago",124.0,275.0,0.4509090909090909,0.4751645812795097,0.024255490370418797
4755,202326,"Cousins, DeMarcus",245.0,542.0,0.45202952029520294,0.4758265118569331,0.023796991561730152
202,202397,"Smith, Ish",34.0,82.0,0.4146341463414634,0.4384185414788458,0.023784395137382397
5807,203080,"Robinson, Thomas",59.0,136.0,0.4338235294117647,0.45735560120185415,0.023532071790089426
425,203092,"Zeller, Tyler",252.0,549.0,0.45901639344262296,0.48232080350358403,0.023304410060961067
2370,201949,"Johnson, James",159.0,379.0,0.41952506596306066,0.4423016262096877,0.022776560246627053
27,2734,"Harris, Devin",133.0,324.0,0.4104938271604938,0.4331204215165915,0.022626594356097707
265,202691,"Thompson, Klay",215.0,520.0,0.41346153846153844,0.43584145168231747,0.022379913220779035
256,201143,"Horford, Al",263.0,586.0,0.44880546075085326,0.4707915337836527,0.021986073032799425
5798,203123,"Papanikolaou, Kostas",97.0,225.0,0.4311111111111111,0.4529834375087953,0.02187232639768416
1478,201167,"Afflalo, Arron",191.0,458.0,0.4170305676855895,0.43802572666312084,0.020995158977531347
843,203909,"McDaniels, KJ",148.0,349.0,0.42406876790830944,0.4450048266485613,0.02093605874025184
408,201980,"Green, Danny",223.0,533.0,0.41838649155722324,0.4393178722602906,0.02093138070306738
5096,201945,"Henderson, Gerald",170.0,408.0,0.4166666666666667,0.43673711292435535,0.020070446257688668
9,201961,"Ellington, Wayne",132.0,319.0,0.41379310344827586,0.43360086043039997,0.019807756982124114
9812,530027,"Pondexter, Quincy",21.0,52.0,0.40384615384615385,0.42346482308509453,0.019618669238940678
794,202336,"Sanders, Larry",108.0,236.0,0.4576271186440678,0.4771294328289436,0.019502314184875802
91,203994,"Nurkic, Jusuf",155.0,341.0,0.45454545454545453,0.47404625384770405,0.019500799302249516
1615,201177,"McRoberts, Josh",35.0,78.0,0.44871794871794873,0.46754447045714265,0.018826521739193913
16,201973,"Jerebko, Jonas",123.0,282.0,0.43617021276595747,0.4548375190560394,0.018667306290081953
994,201577,"Lopez, Robin",200.0,437.0,0.4576659038901602,0.4756354777902687,0.017969573900108504
688,201163,"Chandler, Wilson",231.0,542.0,0.4261992619926199,0.44412010395955825,0.017920841966938328
970,2594,"Korver, Kyle",237.0,560.0,0.4232142857142857,0.4408024021922606,0.01758811647797487
336,203458,"Len, Alex",252.0,556.0,0.45323741007194246,0.470686872465278,0.017449462393335557
314,202730,"Allen, Lavoy",141.0,314.0,0.44904458598726116,0.46594021525821216,0.016895629270951007
430,201935,"Harden, James",264.0,607.0,0.43492586490939045,0.45171986016063315,0.0167939952512427
5017,203498,"Muhammad, Shabazz",101.0,242.0,0.41735537190082644,0.4335863661821235,0.01623099428129704
284,200777,"Freeland, Joel",79.0,177.0,0.4463276836158192,0.4624878236851933,0.016160140069374107
250,2200,"Gasol, Pau",354.0,754.0,0.46949602122015915,0.4856302688422338,0.01613424762207466
43,201228,"Watson, CJ",124.0,300.0,0.41333333333333333,0.4294462101421615,0.01611287680882817
1555,201150,"Hawes, Spencer",160.0,358.0,0.44692737430167595,0.4627253390048034,0.015797964703127443
2569,203488,"Muscala, Mike",19.0,43.0,0.4418604651162791,0.4576441558419866,0.01578369072570751
488,201572,"Lopez, Brook",248.0,535.0,0.4635514018691589,0.4790930426595537,0.015541640790394828
8583,101131,"Maxiell, Jason",85.0,185.0,0.4594594594594595,0.4749799900824565,0.01552053062299702
292,200755,"Redick, JJ",212.0,492.0,0.43089430894308944,0.4462958930684122,0.015401584125322776
707,202695,"Leonard, Kawhi",157.0,363.0,0.4325068870523416,0.4476222666148687,0.01511537956252712
13415,201593,"Pekovic, Nikola",127.0,276.0,0.4601449275362319,0.4747605191690002,0.014615591632768321
476,202329,"Aminu, Al-Farouq",128.0,295.0,0.43389830508474575,0.4475965054970788,0.01369820041233305
4753,203463,"McLemore, Ben",252.0,586.0,0.4300341296928328,0.44335961227172144,0.013325482578888659
4750,200752,"Gay, Rudy",230.0,536.0,0.4291044776119403,0.4424033755126346,0.013298897900694273
269,2733,"Livingston, Shaun",114.0,272.0,0.41911764705882354,0.4324090241076301,0.013291377048806563
13413,201937,"Rubio, Ricky",72.0,166.0,0.43373493975903615,0.4469473047580892,0.013212364999053039
5804,2202,"Richardson, Jason",20.0,46.0,0.43478260869565216,0.4478374327048951,0.01305482400924296
41,101139,"Miles, CJ",124.0,291.0,0.4261168384879725,0.4389778201559499,0.01286098166797739
7286,202689,"Walker, Kemba",225.0,526.0,0.42775665399239543,0.4403148122554144,0.012558158263018981
833,203138,"Thompson, Hollis",144.0,337.0,0.42729970326409494,0.43852768451155166,0.01122798124745672
10237,101128,"Garcia, Francisco",22.0,52.0,0.4230769230769231,0.4342737614269402,0.011196838350017113
422,202335,"Patterson, Patrick",217.0,491.0,0.4419551934826884,0.45313139203539926,0.011176198552710848
474,2449,"Scola, Luis",148.0,328.0,0.45121951219512196,0.4622535097066794,0.011033997511557425
8692,202362,"Stephenson, Lance",123.0,282.0,0.43617021276595747,0.44706374121846476,0.010893528452507295
230,2544,"James, LeBron",151.0,342.0,0.4415204678362573,0.4518361692558939,0.010315701419636614
1791,200768,"Lowry, Kyle",234.0,542.0,0.4317343173431734,0.4419898372464709,0.010255519903297483
379,201567,"Love, Kevin",315.0,691.0,0.4558610709117221,0.466003193602116,0.010142122690393884
7287,203148,"Roberts, Brian",123.0,290.0,0.4241379310344828,0.4341882092236175,0.010050278189134731
1493,202693,"Morris, Markieff",267.0,591.0,0.4517766497461929,0.46141138800081144,0.009634738254618525
167,201950,"Holiday, Jrue",170.0,394.0,0.43147208121827413,0.4409329907241974,0.009460909505923265
447,2747,"Smith, J.R.",142.0,335.0,0.42388059701492536,0.43314297434118487,0.009262377326259508
258,201960,"Carroll, DeMarre",221.0,509.0,0.43418467583497056,0.44341259118878856,0.009227915353818006
175,203521,"Dellavedova, Matthew",112.0,267.0,0.41947565543071164,0.4286316052339841,0.009155949803272445
5975,708,"Garnett, Kevin",106.0,231.0,0.4588744588744589,0.4679677820634754,0.009093323189016511
156,204037,"Wear, Travis",61.0,142.0,0.4295774647887324,0.4386371779654707,0.009059713176738315
1506,1713,"Carter, Vince",75.0,174.0,0.43103448275862066,0.4400798381026347,0.009045355344014017
145,204014,"Rudez, Damjan",76.0,178.0,0.42696629213483145,0.43583139676845106,0.008865104633619614
608,202713,"Singler, Kyle",206.0,475.0,0.4336842105263158,0.4424503517042721,0.008766141177956321
117,202681,"Irving, Kyrie",244.0,567.0,0.43033509700176364,0.4389238200583614,0.008588723056597747
1378,202498,"Thomas, Lance",53.0,123.0,0.43089430894308944,0.43946365534189097,0.008569346398801525
276,2549,"Kaman, Chris",209.0,448.0,0.46651785714285715,0.47506051095185814,0.008542653809000988
1823,203079,"Waiters, Dion",168.0,389.0,0.4318766066838046,0.4402622236816858,0.008385616997881207
1194,2736,"Deng, Luol",244.0,550.0,0.44363636363636366,0.4510999730675147,0.0074636094311510415
222,202339,"Bledsoe, Eric",280.0,650.0,0.4307692307692308,0.43789379266509176,0.00712456189586097
85,2403,Nene,176.0,389.0,0.4524421593830334,0.4589258323060843,0.006483672923050909
435,2585,"Pachulia, Zaza",203.0,437.0,0.4645308924485126,0.4709388447257915,0.006407952277278917
481,201148,"Wright, Brandan",154.0,340.0,0.45294117647058824,0.45929042913381923,0.006349252663230998
297,201933,"Griffin, Blake",279.0,606.0,0.4603960396039604,0.4663788447106828,0.005982805106722389
67,202322,"Wall, John",220.0,511.0,0.43052837573385516,0.4363860162279937,0.005857640494138561
1528,201565,"Rose, Derrick",190.0,439.0,0.4328018223234624,0.4384353925149843,0.005633570191521886
1064,203142,"Copeland, Chris",92.0,208.0,0.4423076923076923,0.4475755101612795,0.005267817853587209
280,203081,"Lillard, Damian",251.0,579.0,0.43350604490500866,0.4387583721052634,0.005252327200254758
4732,201962,"Douglas, Toney",7.0,17.0,0.4117647058823529,0.41689669327222056,0.005131987389867643
427,203096,"Sullinger, Jared",239.0,523.0,0.4569789674952199,0.46203721318233687,0.005058245687116991
8681,201563,"Beasley, Michael",14.0,30.0,0.4666666666666667,0.47156005055472083,0.004893383888054159
2168,201627,"Morrow, Anthony",124.0,285.0,0.43508771929824563,0.4397635729310569,0.004675853632811255
4833,101135,"Lee, David",103.0,224.0,0.45982142857142855,0.4644495855870252,0.004628157015596657
212,203914,"Harris, Gary",46.0,108.0,0.42592592592592593,0.43025730555711933,0.004331379631193399
2056,201582,"Ajinca, Alexis",114.0,245.0,0.46530612244897956,0.4695021274022719,0.004196004953292309
9552,101183,"Randolph, Shavlik",20.0,45.0,0.4444444444444444,0.44855644360087216,0.004111999156427737
279,200746,"Aldridge, LaMarcus",302.0,655.0,0.46106870229007635,0.4651667762920238,0.004098074001947449
478,202718,"Parsons, Chandler",179.0,412.0,0.4344660194174757,0.4384140518341037,0.003948032416628
791,201566,"Westbrook, Russell",135.0,306.0,0.4411764705882353,0.4446328576102632,0.0034563870220279402
5099,101107,"Williams, Marvin",168.0,370.0,0.4540540540540541,0.4574435103074611,0.0033894562534070305
472,201985,"Price, A.J.",29.0,69.0,0.42028985507246375,0.42337760655151596,0.0030877514790522143
334,200782,"Tucker, PJ",207.0,468.0,0.4423076923076923,0.4446553320057337,0.002347639698041415
1161,2430,"Boozer, Carlos",186.0,405.0,0.45925925925925926,0.4615838574918287,0.0023245982325694192
310,201155,"Stuckey, Rodney",154.0,351.0,0.43874643874643876,0.4409161279490888,0.002169689202650038
542,101138,"Bass, Brandon",181.0,400.0,0.4525,0.45430912537823015,0.0018091253782301364
305,202699,"Harris, Tobias",225.0,500.0,0.45,0.45152401244700874,0.0015240124470087268
5192,201954,"Collison, Darren",208.0,476.0,0.4369747899159664,0.4384979584902991,0.0015231685743327117
1364,200751,"Foye, Randy",50.0,116.0,0.43103448275862066,0.4323315265300952,0.0012970437714745486
179,1891,"Terry, Jason",118.0,270.0,0.43703703703703706,0.4381825147800932,0.0011454777430561225
164,202690,"Fredette, Jimmer",50.0,117.0,0.42735042735042733,0.42846284576414695,0.001112418413719618
28,200826,"Barea, Jose Juan",105.0,243.0,0.43209876543209874,0.4325476001012174,0.00044883466911865844
185,203088,"Marshall, Kendall",42.0,100.0,0.42,0.42041983806963606,0.0004198380696360804
1241,202697,"Shumpert, Iman",134.0,305.0,0.43934426229508194,0.4395384387173126,0.0001941764222306297
271,2738,"Iguodala, Andre",151.0,344.0,0.438953488372093,0.4390884464250545,0.00013495805296148689
568,2199,"Chandler, Tyson",329.0,698.0,0.4713467048710602,0.4713605279719275,1.38231008673384e-05
680,202338,"Seraphin, Kevin",139.0,298.0,0.4664429530201342,0.4663678262153382,-7.512680479604406e-05
291,200770,"Farmar, Jordan",66.0,152.0,0.4342105263157895,0.4341128146174854,-9.771169830408155e-05
18,202738,"Thomas, Isaiah",135.0,316.0,0.4272151898734177,0.4268523954286203,-0.00036279444479742073
73295,203958,"Dawkins, Andre",2.0,5.0,0.4,0.39944700189588844,-0.0005529981041115795
209,202702,"Faried, Kenneth",241.0,518.0,0.46525096525096526,0.4641397575754001,-0.0011112076755651623
5070,203128,"Aldemir, Furkan",33.0,71.0,0.4647887323943662,0.46273281713701114,-0.0020559152573550454
109,200811,"Amundson, Lou",90.0,190.0,0.47368421052631576,0.4715296398150234,-0.0021545707112923806
159,101150,"Williams, Lou",132.0,304.0,0.4342105263157895,0.43195303812063585,-0.002257488195153645
19,201166,"Brooks, Aaron",138.0,313.0,0.44089456869009586,0.438406212923443,-0.00248835576665285
9304,201611,"Walker, Henry",23.0,49.0,0.46938775510204084,0.46618817513257393,-0.0031995799694669036
119,202684,"Thompson, Tristan",286.0,610.0,0.46885245901639344,0.465651200631143,-0.0032012583852504273
20,2550,"Hinrich, Kirk",156.0,357.0,0.4369747899159664,0.4336967141301103,-0.003278075785856094
1894,202330,"Hayward, Gordon",193.0,428.0,0.45093457943925236,0.4475170270308906,-0.003417552408361779
389,2547,"Bosh, Chris",234.0,498.0,0.46987951807228917,0.46641383608616543,-0.0034656819861237365
801,202688,"Knight, Brandon",205.0,470.0,0.43617021276595747,0.43263785440380637,-0.0035323583621511
1842,202700,"Motiejunas, Donatas",276.0,588.0,0.46938775510204084,0.46560031549401887,-0.0037874396080219697
3165,200769,"Brown, Shannon",8.0,17.0,0.47058823529411764,0.46667712213265716,-0.003911113161460478
111,201160,"Smith, Jason",197.0,424.0,0.46462264150943394,0.46065550189565735,-0.0039671396137765935
1953,2419,"Prince, Tayshaun",106.0,236.0,0.4491525423728814,0.4449901470420623,-0.00416239533081908
5332,201942,"DeRozan, DeMar",131.0,287.0,0.4564459930313589,0.4522249585117993,-0.00422103451955963
174,202696,"Vucevic, Nikola",335.0,697.0,0.4806312769010043,0.47638889019934805,-0.0042423867016562755
2181,201975,"Meeks, Jodie",94.0,216.0,0.4351851851851852,0.4309076483310173,-0.004277536854167874
5097,203077,"Kidd-Gilchrist, Michael",132.0,295.0,0.44745762711864406,0.44315659966922555,-0.004301027449418515
359,201600,"Asik, Omer",297.0,610.0,0.48688524590163934,0.48191547340962726,-0.004969772492012081
20904,203805,"Cherry, Will",10.0,23.0,0.43478260869565216,0.42962516051435684,-0.005157448181295321
6,101127,"Jack, Jarrett",236.0,532.0,0.44360902255639095,0.4383428608862451,-0.005266161670145875
1257,202720,"Leuer, Jon",106.0,233.0,0.45493562231759654,0.4496656771066865,-0.005269945210910065
13748,203141,"Teletovic, Mirza",135.0,294.0,0.45918367346938777,0.4538973352556998,-0.005286338213687958
1590,201609,"Dragic, Goran",209.0,474.0,0.4409282700421941,0.4355419015920411,-0.005386368450153001
35,203083,"Drummond, Andre",296.0,609.0,0.4860426929392447,0.48059436614355394,-0.005448326795690739
59,203960,"Sampson, JaKarr",103.0,230.0,0.44782608695652176,0.4421275491556961,-0.005698537800825687
45218,202235,"Dos Santos, Atila",5.0,12.0,0.4166666666666667,0.4109394452092058,-0.005727221457460907
171,2557,"Ridnour, Luke",49.0,113.0,0.4336283185840708,0.42743330160371035,-0.006195016980360457
8773,203932,"Gordon, Aaron",55.0,119.0,0.46218487394957986,0.4559867629153101,-0.00619811103426976
929,201977,"Thornton, Marcus",56.0,127.0,0.4409448818897638,0.43474034970371644,-0.006204532186047329
2962,204060,"Ingles, Joe",118.0,261.0,0.4521072796934866,0.445900787799983,-0.006206491893503585
169,203482,"Olynyk, Kelly",194.0,419.0,0.4630071599045346,0.45656085817944425,-0.006446301725090364
1013,201599,"Jordan, DeAndre",381.0,795.0,0.47924528301886793,0.47253664080123614,-0.006708642217631788
907,201584,"Lee, Courtney",209.0,471.0,0.4437367303609342,0.43677754510338657,-0.006959185257547629
198,202704,"Jackson, Reggie",212.0,470.0,0.451063829787234,0.4435016282625159,-0.0075622015247181484
120,2034,"Miller, Mike",67.0,148.0,0.4527027027027027,0.44479316339874475,-0.007909539303957935
16006,101236,"Hayes, Charles",30.0,64.0,0.46875,0.46059402161722857,-0.008155978382771434
4764,201956,"Casspi, Omri",86.0,190.0,0.45263157894736844,0.44440009199886615,-0.008231486948502287
860,202694,"Morris, Marcus",195.0,435.0,0.4482758620689655,0.4398949293732228,-0.008380932695742749
103,1938,"Ginobili, Manu",94.0,207.0,0.45410628019323673,0.44529824908822646,-0.008808031105010272
134,203584,"Daniels, Troy",25.0,56.0,0.44642857142857145,0.4375385126286928,-0.008890058799878642
5389,201943,"Jennings, Brandon",119.0,263.0,0.4524714828897338,0.4432464269718286,-0.009225055917905234
148,2564,"Diaw, Boris",245.0,525.0,0.4666666666666667,0.4572031312617142,-0.009463535404952483
50,203524,"Hill, Solomon",238.0,525.0,0.4533333333333333,0.443289582539756,-0.010043750793577333
74,2743,"Humphries, Kris",183.0,397.0,0.4609571788413098,0.4508033006464781,-0.010153878194831711
13925,203546,"Clark, Ian",14.0,30.0,0.4666666666666667,0.4564706200559989,-0.010196046610667753
152,203499,"Larkin, Shane",146.0,328.0,0.4451219512195122,0.4345591679768508,-0.010562783242661411
603,202328,"Monroe, Greg",297.0,614.0,0.4837133550488599,0.47314861118501855,-0.010564743863841375
35761,203485,"Brown, Lorenzo",14.0,33.0,0.42424242424242425,0.41350634244480616,-0.010736081797618091
317,202962,"Smith, Greg",65.0,136.0,0.47794117647058826,0.4671346835964286,-0.010806492874159634
1320,2399,"Dunleavy, Mike",133.0,289.0,0.4602076124567474,0.44906907072152086,-0.011138541735226548
17,203109,"Crowder, Jae",140.0,305.0,0.45901639344262296,0.44775311217720776,-0.011263281265415204
426,202340,"Bradley, Avery",201.0,449.0,0.44766146993318484,0.43628906155700753,-0.011372408376177312
767,203507,"Antetokounmpo, Giannis",239.0,521.0,0.45873320537428025,0.44684722767772805,-0.011885977696552197
1280,101141,"Ilyasova, Ersan",100.0,214.0,0.4672897196261682,0.45489640377738233,-0.01239331584878589
14,203935,"Smart, Marcus",131.0,294.0,0.445578231292517,0.4330962246632746,-0.012482006629242426
262,203084,"Barnes, Harrison",199.0,435.0,0.4574712643678161,0.44494976657823376,-0.012521497789582337
2371,101161,"Johnson, Amir",276.0,576.0,0.4791666666666667,0.46650560774835365,-0.01266105891831304
5232,201589,"Arthur, Darrell",145.0,310.0,0.46774193548387094,0.4550173302333187,-0.012724605250552246
0,101187,"Anderson, Alan",174.0,383.0,0.45430809399477806,0.4409279941708375,-0.013380099823940561
214,203957,"Exum, Dante",154.0,341.0,0.45161290322580644,0.4380779275254975,-0.013534975700308927
424,201145,"Green, Jeff",220.0,481.0,0.4573804573804574,0.44379625820999874,-0.013584199170458666
972,200794,"Millsap, Paul",357.0,750.0,0.476,0.46236952598506337,-0.013630474014936611
48,2561,"West, David",181.0,384.0,0.4713541666666667,0.4572592260970718,-0.014094940569594872
429,2730,"Howard, Dwight",154.0,318.0,0.48427672955974843,0.47004619709643464,-0.014230532463313794
2435,201976,"Beverley, Patrick",172.0,372.0,0.46236559139784944,0.44796906484124677,-0.014396526556602673
7164,203917,"Stauskas, Nik",93.0,210.0,0.44285714285714284,0.4272583891597541,-0.015598753697388723
90,201568,"Gallinari, Danilo",103.0,223.0,0.4618834080717489,0.4461061844350844,-0.015777223636664506
70,202066,"Temple, Garrett",80.0,182.0,0.43956043956043955,0.42355109097416543,-0.01600934858627412
1557,2045,"Turkoglu, Hedo",53.0,116.0,0.45689655172413796,0.4408470260445311,-0.01604952567960688
5689,200797,"Hollins, Ryan",71.0,144.0,0.4930555555555556,0.47631034519952015,-0.016745210356035434
195,2555,"Collison, Nick",151.0,319.0,0.47335423197492166,0.45650867910578596,-0.016845552869135694
380,202389,"Mozgov, Timofey",330.0,670.0,0.4925373134328358,0.475434713505378,-0.017102599927457773
1294,203928,"Jefferson, Cory",39.0,83.0,0.46987951807228917,0.45241623661464253,-0.01746328145764664
3,203900,"Brown, Markel",23.0,50.0,0.46,0.44221251578321635,-0.017787484216783667
911,2216,"Randolph, Zach",240.0,500.0,0.48,0.4617982470319893,-0.018201752968010687
5,101114,"Williams, Deron",150.0,331.0,0.45317220543806647,0.43449402546725785,-0.018678179970808617
17805,1905,"Kirilenko, Andrei",4.0,9.0,0.4444444444444444,0.42542149112552075,-0.019022953318923674
360,203143,"Prigioni, Pablo",88.0,193.0,0.45595854922279794,0.43687342117024114,-0.0190851280525568
1694,101110,"Webster, Martell",19.0,42.0,0.4523809523809524,0.4320572113390455,-0.020323741041906873
394,200761,"Williams, Shawne",146.0,302.0,0.48344370860927155,0.46306535077232147,-0.02037835783695008
423,201936,"Evans, Tyreke",241.0,523.0,0.4608030592734226,0.4404215250557129,-0.020381534217709663
3535,203921,"Early, Cleanthony",32.0,68.0,0.47058823529411764,0.449877533034482,-0.020710702259635616
864,101123,"Green, Gerald",140.0,307.0,0.4560260586319218,0.4351867559900883,-0.02083930264183348
273,2581,"Blake, Steve",176.0,387.0,0.45478036175710596,0.433604570098504,-0.02117579165860195
290,201175,"Davis, Glen",87.0,179.0,0.4860335195530726,0.4644298438288627,-0.021603675724209903
861,203101,"Plumlee, Miles",229.0,462.0,0.49567099567099565,0.47385841657859745,-0.0218125790923982
187,201162,"Dudley, Jared",174.0,376.0,0.4627659574468085,0.44085515616591703,-0.021910801280891457
289,2037,"Crawford, Jamal",122.0,267.0,0.45692883895131087,0.4348637935153919,-0.022065045435918973
10,202391,"Lin, Jeremy",224.0,483.0,0.463768115942029,0.44169696455684077,-0.022071151385188226
502,203135,"Sacre, Robert",156.0,317.0,0.4921135646687697,0.4699943061276175,-0.02211925854115221
7394,203462,"Goodwin, Archie",15.0,32.0,0.46875,0.4462826093512217,-0.022467390648778285
235,2207,"Johnson, Joe",224.0,479.0,0.46764091858037576,0.4449488904104262,-0.022692028169949585
834,203156,"Sims, Henry",176.0,355.0,0.49577464788732395,0.47279058745676694,-0.022984060430557007
5391,2406,"Butler, Caron",141.0,299.0,0.47157190635451507,0.4485655384489615,-0.02300636790555355
93,201581,"Hickson, JJ",194.0,400.0,0.485,0.46164746903874415,-0.023352530961255835
255,203145,"Bazemore, Kent",109.0,235.0,0.46382978723404256,0.44047663303527085,-0.02335315419877171
4,201152,"Young, Thaddeus",256.0,532.0,0.48120300751879697,0.4569671064546055,-0.02423590106419149
1053,203095,"Fournier, Evan",141.0,300.0,0.47,0.4445431009159615,-0.025456899084038476
567,2210,"Jefferson, Richard",128.0,273.0,0.46886446886446886,0.4431198462909909,-0.025744622573477982
901,201144,"Conley, Mike",234.0,509.0,0.45972495088408644,0.4336518160332475,-0.026073134850838953
239,2757,"Udrih, Beno",153.0,333.0,0.4594594594594595,0.43308687678690366,-0.026372582672555822
684,203078,"Beal, Bradley",180.0,387.0,0.46511627906976744,0.43863366188537234,-0.026482617184395096
346,202334,"Davis, Ed",267.0,540.0,0.49444444444444446,0.46782598974828465,-0.02661845469615981
1292,202366,"Jordan, Jerome",60.0,120.0,0.5,0.4732625641359159,-0.026737435864084114
183,203477,"Canaan, Isaiah",50.0,109.0,0.45871559633027525,0.43185574944208355,-0.026859846888191707
1325,200765,"Rondo, Rajon",161.0,344.0,0.4680232558139535,0.4411361375032345,-0.026887118310718994
7546,203798,"Hairston, PJ",67.0,144.0,0.4652777777777778,0.4372687070170712,-0.028009070760706578
5859,2744,"Jefferson, Al",289.0,572.0,0.5052447552447552,0.4772323620430145,-0.028012393201740704
161,202685,"Valanciunas, Jonas",285.0,557.0,0.5116696588868941,0.48361232181230124,-0.028057337074592847
254,202703,"Mirotic, Nikola",167.0,343.0,0.4868804664723032,0.45860991109547905,-0.028270555376824158
178,201147,"Brewer, Corey",176.0,379.0,0.46437994722955145,0.43601811584302974,-0.028361831386521708
9295,204020,"Johnson, Tyler",30.0,64.0,0.46875,0.4400742430327156,-0.028675756967284416
5688,2501,"Evans, Reggie",94.0,186.0,0.5053763440860215,0.4761619182327138,-0.02921442585330769
56,203457,"Noel, Nerlens",294.0,587.0,0.5008517887563884,0.4713604819876696,-0.02949130676871875
1792,201967,"Cunningham, Dante",146.0,310.0,0.47096774193548385,0.4413273124250721,-0.029640429510411737
583,202683,"Kanter, Enes",292.0,584.0,0.5,0.4701020976881073,-0.02989790231189271
896,203508,"Karasev, Sergey",60.0,131.0,0.4580152671755725,0.42811154025571657,-0.029903726919855933
76,2446,"Butler, Rasual",167.0,361.0,0.4626038781163435,0.43239849294872246,-0.030205385167621057
395,203952,"Wiggins, Andrew",316.0,661.0,0.47806354009077157,0.4475363575546549,-0.030527182536116693
320,2571,"Barbosa, Leandro",60.0,130.0,0.46153846153846156,0.4301918203650121,-0.031346641173449485
172,203506,"Oladipo, Victor",228.0,478.0,0.4769874476987448,0.445260992902972,-0.031726454795772796
7336,2742,"Telfair, Sebastian",36.0,79.0,0.45569620253164556,0.4237323409003846,-0.03196386163126097
448,2546,"Anthony, Carmelo",152.0,316.0,0.4810126582278481,0.44889515278701186,-0.03211750544083625
160,202349,"Vasquez, Greivis",149.0,317.0,0.47003154574132494,0.43766392673396104,-0.0323676190073639
1299,203903,"Clarkson, Jordan",98.0,210.0,0.4666666666666667,0.43349444981448426,-0.03317221685218241
830,203918,"Hood, Rodney",85.0,181.0,0.4696132596685083,0.4357890124886283,-0.03382424717988003
388,101122,"Granger, Danny",70.0,148.0,0.47297297297297297,0.438962775346636,-0.03401019762633695
97,2225,"Parker, Tony",142.0,299.0,0.47491638795986624,0.44084729125766725,-0.03406909670219899
1146,977,"Bryant, Kobe",134.0,279.0,0.48028673835125446,0.44613450298691154,-0.03415223536434292
2355,202361,"Fields, Landry",33.0,69.0,0.4782608695652174,0.4440777191582368,-0.03418315040698061
4762,201574,"Thompson, Jason",241.0,476.0,0.5063025210084033,0.47206261893083573,-0.03423990207756761
1794,201569,"Gordon, Eric",129.0,274.0,0.4708029197080292,0.4363701561762779,-0.03443276353175129
13934,203511,"Jerrett, Grant",2.0,4.0,0.5,0.4647423552754435,-0.0352576447245565
348,101179,"Price, Ronnie",118.0,246.0,0.4796747967479675,0.4438891307760368,-0.03578566597193067
637,203496,"Covington, Robert",177.0,365.0,0.4849315068493151,0.44878028717722884,-0.03615121967208623
31,201571,"Augustin, D.J.",170.0,363.0,0.46831955922865015,0.43159312630114266,-0.03672643292750749
92,201951,"Lawson, Ty",220.0,465.0,0.4731182795698925,0.4363488069439899,-0.03676947262590258
7,203486,"Plumlee, Mason",259.0,503.0,0.5149105367793241,0.47741333785489815,-0.037497198924425934
24,202710,"Butler, Jimmy",272.0,563.0,0.48312611012433393,0.4455934820448608,-0.03753262807947311
5470,204028,"Black, Tarik",132.0,264.0,0.5,0.4624240629311082,-0.037575937068891785
12,201941,"Hill, Jordan",324.0,629.0,0.5151033386327504,0.47698055254646315,-0.03812278608628722
10012,203937,"Anderson, Kyle",37.0,78.0,0.47435897435897434,0.43599660393367645,-0.03836237042529789
1336,203484,"Caldwell-Pope, Kentavious",209.0,435.0,0.4804597701149425,0.4418361120498094,-0.038623658065133126
827,202692,"Burks, Alec",125.0,254.0,0.4921259842519685,0.45239385837359336,-0.03973212587837516
1157,202325,"Johnson, Wesley",212.0,433.0,0.4896073903002309,0.44900399432179994,-0.04060339597843099
193,101112,"Frye, Channing",355.0,693.0,0.5122655122655123,0.4704667139807695,-0.04179879828474281
192,203901,"Payton, Elfrid",218.0,458.0,0.4759825327510917,0.4340344803484194,-0.0419480524026723
1670,2563,"Jones, Dahntay",6.0,13.0,0.46153846153846156,0.41916818357939434,-0.042370277959067226
7548,202390,"Neal, Gary",104.0,217.0,0.4792626728110599,0.43659916353790934,-0.042663509273150546
355,201583,"Anderson, Ryan",226.0,453.0,0.4988962472406181,0.4561771054187095,-0.04271914182190861
123,2590,"Williams, Mo",185.0,384.0,0.4817708333333333,0.4378628779999431,-0.0439079553333902
396,203476,"Dieng, Gorgui",334.0,652.0,0.5122699386503068,0.4681290733688098,-0.044140865281496966
139,202388,"Sloan, Donald",141.0,293.0,0.4812286689419795,0.436878967624867,-0.04434970131711252
162,203082,"Ross, Terrence",226.0,463.0,0.48812095032397407,0.4434017745832727,-0.04471917574070139
267,201578,"Speights, Marreese",189.0,366.0,0.5163934426229508,0.47160576164668633,-0.04478768097626451
5538,203492,"McCallum, Ray",110.0,229.0,0.48034934497816595,0.4342630581358954,-0.04608628684227056
1641,2749,"Nelson, Jameer",145.0,303.0,0.47854785478547857,0.4323634106231129,-0.04618444416236567
1453,2772,"Ariza, Trevor",236.0,477.0,0.4947589098532495,0.4479792788898705,-0.046779630963379004
37338,204079,"Gordon, Drew",9.0,18.0,0.5,0.4531640661265519,-0.04683593387344809
263,201575,"Rush, Brandon",20.0,41.0,0.4878048780487805,0.4408579292149866,-0.046946948833793856
9317,203106,"Taylor, Jeff",11.0,24.0,0.4583333333333333,0.4111599496123087,-0.04717338372102464
580,1717,"Nowitzki, Dirk",298.0,581.0,0.5129087779690189,0.4653917078541273,-0.04751707011489159
218,203100,"Wroten, Tony",75.0,155.0,0.4838709677419355,0.43582697010627763,-0.048043997635657865
365,202347,"Pondexter, Quincy",135.0,281.0,0.4804270462633452,0.43151462445309163,-0.04891242181025357
8,202721,"Morris, Darius",27.0,56.0,0.48214285714285715,0.43283755900280696,-0.04930529814005019
151,203501,"Hardaway Jr., Tim",187.0,379.0,0.49340369393139843,0.4438849026045345,-0.04951879132686393
4733,202337,"Babbitt, Luke",113.0,228.0,0.4956140350877193,0.44591147209151294,-0.049702562996206345
170,203515,"Pressey, Phil",50.0,105.0,0.47619047619047616,0.4262605465463175,-0.049929929644158655
6318,203105,"Ezeli, Festus",63.0,122.0,0.5163934426229508,0.46644128586967515,-0.04995215675327569
5359,202714,"Mack, Shelvin",52.0,109.0,0.47706422018348627,0.42630801527254447,-0.05075620491094179
5193,202682,"Williams, Derrick",123.0,250.0,0.492,0.44047839586041176,-0.05152160413958823
15,203923,"Young, James",27.0,56.0,0.48214285714285715,0.4298699628886086,-0.052272894254248525
228,2760,"Varejao, Anderson",156.0,294.0,0.5306122448979592,0.47830011904708564,-0.05231212585087358
13838,2755,"Martin, Kevin",74.0,151.0,0.4900662251655629,0.43708985678440737,-0.05297636838115555
215,203504,"Burke, Trey",252.0,509.0,0.4950884086444008,0.4420480244696898,-0.053040384174710964
419,201946,"Hansbrough, Tyler",98.0,189.0,0.5185185185185185,0.4645567524432024,-0.05396176607531611
375,203090,"Harkless, Maurice",51.0,102.0,0.5,0.446035056404424,-0.05396494359557602
154,202332,"Aldrich, Cole",142.0,267.0,0.5318352059925093,0.47738365768133584,-0.05445154831117349
318,101111,"Villanueva, Charlie",73.0,146.0,0.5,0.4454166641010885,-0.05458333589891151
63689,202706,"Hamilton, Jordan",6.0,12.0,0.5,0.4445242598141878,-0.055475740185812195
4767,201196,"Sessions, Ramon",97.0,195.0,0.49743589743589745,0.44190041071829717,-0.05553548671760028
3526,201948,"Daye, Austin",38.0,78.0,0.48717948717948717,0.4306385940547929,-0.05654089312469429
358,203085,"Rivers, Austin",137.0,275.0,0.49818181818181817,0.44094767811210184,-0.05723414006971633
352,203471,"Schroder, Dennis",118.0,242.0,0.48760330578512395,0.42765414527937656,-0.05994916050574739
4852,2222,"Wallace, Gerald",29.0,58.0,0.5,0.43943795517093587,-0.06056204482906413
2661,203953,"Parker, Jabari",102.0,200.0,0.51,0.44828867894635427,-0.06171132105364574
4695,201158,"Belinelli, Marco",97.0,192.0,0.5052083333333334,0.4425900078281199,-0.06261832550521346
392,2365,"Andersen, Chris",143.0,265.0,0.539622641509434,0.4766489706352419,-0.06297367087419203
7581,203926,"McDermott, Doug",25.0,50.0,0.5,0.43690876370875764,-0.06309123629124236
604,201229,"Tolliver, Anthony",142.0,272.0,0.5220588235294118,0.4589211650589019,-0.0631376584705099
754,201978,"Budinger, Chase",79.0,159.0,0.4968553459119497,0.4332625416330159,-0.06359280427893377
298,203894,"Napier, Shabazz",124.0,247.0,0.5020242914979757,0.4380091418532402,-0.06401514964473548
122,2617,"Haslem, Udonis",97.0,184.0,0.5271739130434783,0.4624689698380795,-0.06470494320539877
48840,203906,"Marble, Devyn",27.0,53.0,0.5094339622641509,0.4437469124181303,-0.06568704984602064
39,203915,"Dinwiddie, Spencer",29.0,59.0,0.4915254237288136,0.4251321655413704,-0.06639325818744318
1464,203103,"Jones, Perry",88.0,170.0,0.5176470588235295,0.448796112217907,-0.06885094660562247
1768,203461,"Bennett, Anthony",133.0,250.0,0.532,0.45965340761385176,-0.07234659238614827
2444,203948,"O'Bryant, Johnny",48.0,89.0,0.5393258426966292,0.46677712067599286,-0.07254872202063634
1925,203925,"Harris, Joe",52.0,102.0,0.5098039215686274,0.4364931967652305,-0.0733107248033969
3851,2592,"Jones, James",55.0,107.0,0.514018691588785,0.4405104408698709,-0.07350825071891409
19427,203580,"Drew, Larry",26.0,50.0,0.52,0.4434231745551707,-0.0765768254448293
347,202333,"Henry, Xavier",9.0,18.0,0.5,0.4228922050841808,-0.0771077949158192
13937,202952,"Thomas, Malcolm",30.0,56.0,0.5357142857142857,0.4557863733222712,-0.07992791239201452
695,201580,"McGee, JaVale",52.0,93.0,0.5591397849462365,0.47816110762135783,-0.08097867732487868
12139,203991,"Capela, Clint",4.0,7.0,0.5714285714285714,0.4896650060901252,-0.0817635653384462
5622,202399,"Adrien, Jeff",40.0,73.0,0.547945205479452,0.46569217199351715,-0.08225303348593488
46,203963,"Whittington, Shayne",15.0,28.0,0.5357142857142857,0.4525640678175944,-0.0831502178966913
132,203897,"LaVine, Zach",155.0,297.0,0.5218855218855218,0.4364988416400987,-0.08538668024542312
9448,203144,"Shved, Alexey",61.0,116.0,0.5258620689655172,0.4375279075571871,-0.08833416140833011
34324,203318,"Rice Jr., Glen",4.0,8.0,0.5,0.41053771765776587,-0.08946228234223413
238,203561,"Davies, Brandon",80.0,145.0,0.5517241379310345,0.45661391489922537,-0.0951102230318091
4624,203919,"Adams, Jordan",16.0,30.0,0.5333333333333333,0.43553380612166304,-0.09779952721167029
121,203516,"Ennis, James",91.0,167.0,0.5449101796407185,0.44020433319248814,-0.10470584644823039
13137,201964,"Claver, Victor",9.0,16.0,0.5625,0.44912301243642466,-0.11337698756357534
1376,202130,"Williams, Reggie",9.0,16.0,0.5625,0.445379924576789,-0.11712007542321101
22463,203940,"Payne, Adreian",27.0,46.0,0.5869565217391305,0.46965897001618684,-0.11729755172294365
327,203136,"Kuzmic, Ognjen",16.0,27.0,0.5925925925925926,0.47488570023819,-0.11770689235440257
13966,2422,"Salmons, John",28.0,49.0,0.5714285714285714,0.4464788402166137,-0.12494973121195768
153,101181,"Calderon, Jose",166.0,297.0,0.5589225589225589,0.43312441156407316,-0.12579814735848577
661,201971,"Blair, DeJuan",13.0,23.0,0.5652173913043478,0.43781799949786343,-0.12739939180648435
8942,203950,"Stokes, Jarnell",13.0,22.0,0.5909090909090909,0.45631691039494116,-0.13459218051414978
4702,201965,"Ayres, Jeff",56.0,95.0,0.5894736842105263,0.45210349764165886,-0.1373701865688674
34500,203933,"Warren, TJ",24.0,42.0,0.5714285714285714,0.4323145948494056,-0.1391139765791658
3866,203922,"Robinson, Glenn",17.0,29.0,0.5862068965517241,0.4464740208997589,-0.13973287565196518
57473,2853,"Barron, Earl",3.0,5.0,0.6,0.45510384739610266,-0.14489615260389732
1898,200779,"Novak, Steve",23.0,39.0,0.5897435897435898,0.4436711333645498,-0.14607245637903998
11467,201858,"Martin, Cartier",25.0,43.0,0.5813953488372093,0.4348323736855462,-0.1465629751516631
32753,200745,"Bargnani, Andrea",48.0,77.0,0.6233766233766234,0.46692276450690234,-0.15645385886972102
1667,203912,"Wilcox, CJ",3.0,5.0,0.6,0.42989873799660594,-0.17010126200339404
1886,203475,"Green, Erick",18.0,29.0,0.6206896551724138,0.4227022488453737,-0.1979874063270401
2057,203893,"Smith, Russ",2.0,3.0,0.6666666666666666,0.40807202282224864,-0.258594643844418
44539,202343,"Williams, Elliot",10.0,14.0,0.7142857142857143,0.44563336576592816,-0.26865234851978614
10468,201604,"Douglas-Roberts, Chris",11.0,15.0,0.7333333333333333,0.42574802233264536,-0.3075853110006879
73086,203565,"Christopher, Patrick",6.0,8.0,0.75,0.43266726434870395,-0.31733273565129605
61471,203949,"McAdoo, James Michael",4.0,5.0,0.8,0.4517482700091396,-0.34825172999086046
74922,203545,"Raduljica, Miroslav",1.0,1.0,1.0,0.5809128630705395,-0.41908713692946054
36764,203945,"Kirk, Alex",3.0,3.0,1.0,0.5305034604822134,-0.4694965395177866
52434,203512,"Nogueira, Lucas",6.0,6.0,1.0,0.4792825059392112,-0.5207174940607888
27477,101142,"Turiaf, Ronny",4.0,4.0,1.0,0.47588785510111653,-0.5241121448988835
90592,203944,"Randle, Julius",2.0,2.0,1.0,0.46122194114444903,-0.538778058855551
79778,203961,"Moreland, Eric",1.0,1.0,1.0,0.44357976653696496,-0.556420233463035
121793,203315,"Murry, Toure",1.0,1.0,1.0,0.41605839416058393,-0.583941605839416
